0, 0, Header, 1, 7, 480
1, 0, Start_track
1, 0, Title_t, "You're Welcome"
1, 0, Copyright_t, "Dwayne Johnson?Arr. Keith Patrick, Tate Banton, Trevor Chung"
1, 0, Key_signature, -1, "major"
1, 0, Time_signature, 4, 2, 24, 8
1, 0, Tempo, 444444
1, 34560, Time_signature, 2, 2, 24, 8
1, 35520, Key_signature, 0, "major"
1, 35520, Time_signature, 4, 2, 24, 8
1, 50880, Key_signature, -1, "major"
1, 123840, Key_signature, 0, "major"
1, 123840, End_track
2, 0, Start_track
2, 0, Program_c, 9, 0
2, 0, Instrument_name_t, "Rhythm"
2, 960, Note_on_c, 9,43, 95
2, 1284, Note_off_c, 9,43, 0
2, 1320, Note_on_c, 9,43, 95
2, 1428, Note_off_c, 9,43, 0
2, 1440, Note_on_c, 9,41, 95
2, 1764, Note_off_c, 9,41, 0
2, 1800, Note_on_c, 9,41, 95
2, 1908, Note_off_c, 9,41, 0
2, 1920, Note_on_c, 9,43, 95
2, 2064, Note_off_c, 9,43, 0
2, 2080, Note_on_c, 9,43, 95
2, 2224, Note_off_c, 9,43, 0
2, 2240, Note_on_c, 9,43, 95
2, 2384, Note_off_c, 9,43, 0
2, 2400, Note_on_c, 9,41, 95
2, 2724, Note_off_c, 9,41, 0
2, 2760, Note_on_c, 9,41, 95
2, 2868, Note_off_c, 9,41, 0
2, 2880, Note_on_c, 9,43, 95
2, 3024, Note_off_c, 9,43, 0
2, 3040, Note_on_c, 9,43, 95
2, 3184, Note_off_c, 9,43, 0
2, 3200, Note_on_c, 9,43, 95
2, 3344, Note_off_c, 9,43, 0
2, 3360, Note_on_c, 9,41, 95
2, 3684, Note_off_c, 9,41, 0
2, 3720, Note_on_c, 9,41, 95
2, 3828, Note_off_c, 9,41, 0
2, 3840, Note_on_c, 9,43, 95
2, 3984, Note_off_c, 9,43, 0
2, 4000, Note_on_c, 9,43, 95
2, 4144, Note_off_c, 9,43, 0
2, 4160, Note_on_c, 9,43, 95
2, 4304, Note_off_c, 9,43, 0
2, 4320, Note_on_c, 9,41, 95
2, 4644, Note_off_c, 9,41, 0
2, 4680, Note_on_c, 9,41, 95
2, 4788, Note_off_c, 9,41, 0
2, 4800, Note_on_c, 9,43, 95
2, 5124, Note_off_c, 9,43, 0
2, 5160, Note_on_c, 9,43, 95
2, 5268, Note_off_c, 9,43, 0
2, 5280, Note_on_c, 9,41, 95
2, 5604, Note_off_c, 9,41, 0
2, 5640, Note_on_c, 9,41, 95
2, 5748, Note_off_c, 9,41, 0
2, 5760, Note_on_c, 9,43, 95
2, 5904, Note_off_c, 9,43, 0
2, 5920, Note_on_c, 9,43, 95
2, 6064, Note_off_c, 9,43, 0
2, 6080, Note_on_c, 9,43, 95
2, 6224, Note_off_c, 9,43, 0
2, 6240, Note_on_c, 9,41, 95
2, 6564, Note_off_c, 9,41, 0
2, 6600, Note_on_c, 9,41, 95
2, 6708, Note_off_c, 9,41, 0
2, 6720, Note_on_c, 9,43, 95
2, 6864, Note_off_c, 9,43, 0
2, 6880, Note_on_c, 9,43, 95
2, 7024, Note_off_c, 9,43, 0
2, 7040, Note_on_c, 9,43, 95
2, 7184, Note_off_c, 9,43, 0
2, 7200, Note_on_c, 9,41, 95
2, 7524, Note_off_c, 9,41, 0
2, 7560, Note_on_c, 9,41, 95
2, 7668, Note_off_c, 9,41, 0
2, 7680, Note_on_c, 9,43, 95
2, 7824, Note_off_c, 9,43, 0
2, 7840, Note_on_c, 9,43, 95
2, 7984, Note_off_c, 9,43, 0
2, 8000, Note_on_c, 9,43, 95
2, 8144, Note_off_c, 9,43, 0
2, 8160, Note_on_c, 9,41, 95
2, 8484, Note_off_c, 9,41, 0
2, 8520, Note_on_c, 9,41, 95
2, 8628, Note_off_c, 9,41, 0
2, 8640, Note_on_c, 9,43, 95
2, 8964, Note_off_c, 9,43, 0
2, 9000, Note_on_c, 9,43, 95
2, 9108, Note_off_c, 9,43, 0
2, 9120, Note_on_c, 9,41, 95
2, 9444, Note_off_c, 9,41, 0
2, 9480, Note_on_c, 9,41, 95
2, 9588, Note_off_c, 9,41, 0
2, 9600, Note_on_c, 9,43, 95
2, 9744, Note_off_c, 9,43, 0
2, 9760, Note_on_c, 9,43, 95
2, 9904, Note_off_c, 9,43, 0
2, 9920, Note_on_c, 9,43, 95
2, 10064, Note_off_c, 9,43, 0
2, 10080, Note_on_c, 9,41, 95
2, 10404, Note_off_c, 9,41, 0
2, 10440, Note_on_c, 9,41, 95
2, 10548, Note_off_c, 9,41, 0
2, 10560, Note_on_c, 9,43, 95
2, 10704, Note_off_c, 9,43, 0
2, 10720, Note_on_c, 9,43, 95
2, 10864, Note_off_c, 9,43, 0
2, 10880, Note_on_c, 9,43, 95
2, 11024, Note_off_c, 9,43, 0
2, 11040, Note_on_c, 9,41, 95
2, 11364, Note_off_c, 9,41, 0
2, 11400, Note_on_c, 9,41, 95
2, 11508, Note_off_c, 9,41, 0
2, 11520, Note_on_c, 9,43, 95
2, 11664, Note_off_c, 9,43, 0
2, 11680, Note_on_c, 9,43, 95
2, 11824, Note_off_c, 9,43, 0
2, 11840, Note_on_c, 9,43, 95
2, 11984, Note_off_c, 9,43, 0
2, 12000, Note_on_c, 9,41, 95
2, 12324, Note_off_c, 9,41, 0
2, 12360, Note_on_c, 9,41, 95
2, 12468, Note_off_c, 9,41, 0
2, 12480, Note_on_c, 9,43, 95
2, 12804, Note_off_c, 9,43, 0
2, 12840, Note_on_c, 9,43, 95
2, 12948, Note_off_c, 9,43, 0
2, 12960, Note_on_c, 9,41, 95
2, 13284, Note_off_c, 9,41, 0
2, 13320, Note_on_c, 9,41, 95
2, 13428, Note_off_c, 9,41, 0
2, 13440, Note_on_c, 9,43, 95
2, 13584, Note_off_c, 9,43, 0
2, 13600, Note_on_c, 9,43, 95
2, 13744, Note_off_c, 9,43, 0
2, 13760, Note_on_c, 9,43, 95
2, 13904, Note_off_c, 9,43, 0
2, 13920, Note_on_c, 9,41, 95
2, 14244, Note_off_c, 9,41, 0
2, 14280, Note_on_c, 9,41, 95
2, 14388, Note_off_c, 9,41, 0
2, 14400, Note_on_c, 9,43, 95
2, 14544, Note_off_c, 9,43, 0
2, 14560, Note_on_c, 9,43, 95
2, 14704, Note_off_c, 9,43, 0
2, 14720, Note_on_c, 9,43, 95
2, 14864, Note_off_c, 9,43, 0
2, 14880, Note_on_c, 9,41, 95
2, 15204, Note_off_c, 9,41, 0
2, 15240, Note_on_c, 9,41, 95
2, 15348, Note_off_c, 9,41, 0
2, 15360, Note_on_c, 9,43, 95
2, 15504, Note_off_c, 9,43, 0
2, 15520, Note_on_c, 9,43, 95
2, 15664, Note_off_c, 9,43, 0
2, 15680, Note_on_c, 9,43, 95
2, 15824, Note_off_c, 9,43, 0
2, 15840, Note_on_c, 9,41, 95
2, 16164, Note_off_c, 9,41, 0
2, 16200, Note_on_c, 9,41, 95
2, 16308, Note_off_c, 9,41, 0
2, 16320, Note_on_c, 9,43, 95
2, 16644, Note_off_c, 9,43, 0
2, 16680, Note_on_c, 9,43, 95
2, 16788, Note_off_c, 9,43, 0
2, 16800, Note_on_c, 9,41, 95
2, 17124, Note_off_c, 9,41, 0
2, 17160, Note_on_c, 9,41, 95
2, 17268, Note_off_c, 9,41, 0
2, 17280, Note_on_c, 9,43, 95
2, 17424, Note_off_c, 9,43, 0
2, 17440, Note_on_c, 9,43, 95
2, 17584, Note_off_c, 9,43, 0
2, 17600, Note_on_c, 9,43, 95
2, 17744, Note_off_c, 9,43, 0
2, 17760, Note_on_c, 9,41, 95
2, 18084, Note_off_c, 9,41, 0
2, 18120, Note_on_c, 9,41, 95
2, 18228, Note_off_c, 9,41, 0
2, 18240, Note_on_c, 9,43, 95
2, 18384, Note_off_c, 9,43, 0
2, 18400, Note_on_c, 9,43, 95
2, 18544, Note_off_c, 9,43, 0
2, 18560, Note_on_c, 9,43, 95
2, 18704, Note_off_c, 9,43, 0
2, 18720, Note_on_c, 9,41, 95
2, 19044, Note_off_c, 9,41, 0
2, 19080, Note_on_c, 9,41, 95
2, 19188, Note_off_c, 9,41, 0
2, 19200, Note_on_c, 9,43, 95
2, 19344, Note_off_c, 9,43, 0
2, 19360, Note_on_c, 9,43, 95
2, 19504, Note_off_c, 9,43, 0
2, 19520, Note_on_c, 9,43, 95
2, 19664, Note_off_c, 9,43, 0
2, 19680, Note_on_c, 9,41, 95
2, 20004, Note_off_c, 9,41, 0
2, 20040, Note_on_c, 9,41, 95
2, 20148, Note_off_c, 9,41, 0
2, 20160, Note_on_c, 9,43, 95
2, 20484, Note_off_c, 9,43, 0
2, 20520, Note_on_c, 9,43, 95
2, 20628, Note_off_c, 9,43, 0
2, 20640, Note_on_c, 9,41, 95
2, 20964, Note_off_c, 9,41, 0
2, 21000, Note_on_c, 9,41, 95
2, 21108, Note_off_c, 9,41, 0
2, 21120, Note_on_c, 9,43, 95
2, 21264, Note_off_c, 9,43, 0
2, 21280, Note_on_c, 9,43, 95
2, 21424, Note_off_c, 9,43, 0
2, 21440, Note_on_c, 9,43, 95
2, 21584, Note_off_c, 9,43, 0
2, 21600, Note_on_c, 9,41, 95
2, 21924, Note_off_c, 9,41, 0
2, 21960, Note_on_c, 9,41, 95
2, 22068, Note_off_c, 9,41, 0
2, 22080, Note_on_c, 9,43, 95
2, 22224, Note_off_c, 9,43, 0
2, 22240, Note_on_c, 9,43, 95
2, 22384, Note_off_c, 9,43, 0
2, 22400, Note_on_c, 9,43, 95
2, 22544, Note_off_c, 9,43, 0
2, 22560, Note_on_c, 9,41, 95
2, 22884, Note_off_c, 9,41, 0
2, 22920, Note_on_c, 9,41, 95
2, 23028, Note_off_c, 9,41, 0
2, 23040, Note_on_c, 9,43, 95
2, 23184, Note_off_c, 9,43, 0
2, 23200, Note_on_c, 9,43, 95
2, 23344, Note_off_c, 9,43, 0
2, 23360, Note_on_c, 9,43, 95
2, 23504, Note_off_c, 9,43, 0
2, 23520, Note_on_c, 9,41, 95
2, 23844, Note_off_c, 9,41, 0
2, 23880, Note_on_c, 9,41, 95
2, 23988, Note_off_c, 9,41, 0
2, 24000, Note_on_c, 9,43, 95
2, 24324, Note_off_c, 9,43, 0
2, 24360, Note_on_c, 9,43, 95
2, 24468, Note_off_c, 9,43, 0
2, 24480, Note_on_c, 9,41, 95
2, 24804, Note_off_c, 9,41, 0
2, 24840, Note_on_c, 9,41, 95
2, 24948, Note_off_c, 9,41, 0
2, 24960, Note_on_c, 9,43, 95
2, 25104, Note_off_c, 9,43, 0
2, 25120, Note_on_c, 9,43, 95
2, 25264, Note_off_c, 9,43, 0
2, 25280, Note_on_c, 9,43, 95
2, 25424, Note_off_c, 9,43, 0
2, 25440, Note_on_c, 9,41, 95
2, 25764, Note_off_c, 9,41, 0
2, 25800, Note_on_c, 9,41, 95
2, 25908, Note_off_c, 9,41, 0
2, 25920, Note_on_c, 9,43, 95
2, 26064, Note_off_c, 9,43, 0
2, 26080, Note_on_c, 9,43, 95
2, 26224, Note_off_c, 9,43, 0
2, 26240, Note_on_c, 9,43, 95
2, 26384, Note_off_c, 9,43, 0
2, 26400, Note_on_c, 9,41, 95
2, 26724, Note_off_c, 9,41, 0
2, 26760, Note_on_c, 9,41, 95
2, 26868, Note_off_c, 9,41, 0
2, 26880, Note_on_c, 9,43, 95
2, 27024, Note_off_c, 9,43, 0
2, 27040, Note_on_c, 9,43, 95
2, 27184, Note_off_c, 9,43, 0
2, 27200, Note_on_c, 9,43, 95
2, 27344, Note_off_c, 9,43, 0
2, 27360, Note_on_c, 9,41, 95
2, 27684, Note_off_c, 9,41, 0
2, 27720, Note_on_c, 9,41, 95
2, 27828, Note_off_c, 9,41, 0
2, 27840, Note_on_c, 9,43, 95
2, 28164, Note_off_c, 9,43, 0
2, 28200, Note_on_c, 9,43, 95
2, 28308, Note_off_c, 9,43, 0
2, 28320, Note_on_c, 9,41, 95
2, 28644, Note_off_c, 9,41, 0
2, 28680, Note_on_c, 9,41, 95
2, 28788, Note_off_c, 9,41, 0
2, 28800, Note_on_c, 9,43, 95
2, 28944, Note_off_c, 9,43, 0
2, 28960, Note_on_c, 9,43, 95
2, 29104, Note_off_c, 9,43, 0
2, 29120, Note_on_c, 9,43, 95
2, 29264, Note_off_c, 9,43, 0
2, 29280, Note_on_c, 9,41, 95
2, 29604, Note_off_c, 9,41, 0
2, 29640, Note_on_c, 9,41, 95
2, 29748, Note_off_c, 9,41, 0
2, 29760, Note_on_c, 9,43, 95
2, 29904, Note_off_c, 9,43, 0
2, 29920, Note_on_c, 9,43, 95
2, 30064, Note_off_c, 9,43, 0
2, 30080, Note_on_c, 9,43, 95
2, 30224, Note_off_c, 9,43, 0
2, 30240, Note_on_c, 9,41, 95
2, 30564, Note_off_c, 9,41, 0
2, 30600, Note_on_c, 9,41, 95
2, 30708, Note_off_c, 9,41, 0
2, 30720, Note_on_c, 9,43, 95
2, 30864, Note_off_c, 9,43, 0
2, 30880, Note_on_c, 9,43, 95
2, 31024, Note_off_c, 9,43, 0
2, 31040, Note_on_c, 9,43, 95
2, 31184, Note_off_c, 9,43, 0
2, 31200, Note_on_c, 9,41, 95
2, 31524, Note_off_c, 9,41, 0
2, 31560, Note_on_c, 9,41, 95
2, 31668, Note_off_c, 9,41, 0
2, 31680, Note_on_c, 9,43, 95
2, 32004, Note_off_c, 9,43, 0
2, 32040, Note_on_c, 9,43, 95
2, 32148, Note_off_c, 9,43, 0
2, 32160, Note_on_c, 9,41, 95
2, 32484, Note_off_c, 9,41, 0
2, 32520, Note_on_c, 9,41, 95
2, 32628, Note_off_c, 9,41, 0
2, 32640, Note_on_c, 9,41, 95
2, 33288, Note_off_c, 9,41, 0
2, 33360, Note_on_c, 9,41, 95
2, 34008, Note_off_c, 9,41, 0
2, 34080, Note_on_c, 9,43, 95
2, 34728, Note_off_c, 9,43, 0
2, 34800, Note_on_c, 9,43, 95
2, 35448, Note_off_c, 9,43, 0
2, 35928, End_track
3, 0, Start_track
3, 0, Program_c, 1, 0
3, 0, Instrument_name_t, "Solo"
3, 5760, Note_on_c, 1,67, 95
3, 6192, Note_off_c, 1,67, 0
3, 7440, Note_on_c, 1,60, 95
3, 7656, Note_off_c, 1,60, 0
3, 7680, Note_on_c, 1,58, 95
3, 8544, Note_off_c, 1,58, 0
3, 9360, Note_on_c, 1,58, 95
3, 9576, Note_off_c, 1,58, 0
3, 9600, Note_on_c, 1,70, 95
3, 9924, Note_off_c, 1,70, 0
3, 9960, Note_on_c, 1,70, 95
3, 10068, Note_off_c, 1,70, 0
3, 10080, Note_on_c, 1,70, 95
3, 10296, Note_off_c, 1,70, 0
3, 10320, Note_on_c, 1,70, 95
3, 10536, Note_off_c, 1,70, 0
3, 10560, Note_on_c, 1,70, 95
3, 10776, Note_off_c, 1,70, 0
3, 10800, Note_on_c, 1,70, 95
3, 11232, Note_off_c, 1,70, 0
3, 11280, Note_on_c, 1,67, 95
3, 11388, Note_off_c, 1,67, 0
3, 11400, Note_on_c, 1,65, 95
3, 11508, Note_off_c, 1,65, 0
3, 11520, Note_on_c, 1,65, 95
3, 11952, Note_off_c, 1,65, 0
3, 12480, Note_on_c, 1,60, 95
3, 12696, Note_off_c, 1,60, 0
3, 12720, Note_on_c, 1,60, 95
3, 12936, Note_off_c, 1,60, 0
3, 12960, Note_on_c, 1,60, 95
3, 13176, Note_off_c, 1,60, 0
3, 13200, Note_on_c, 1,72, 95
3, 13416, Note_off_c, 1,72, 0
3, 13440, Note_on_c, 1,70, 95
3, 13656, Note_off_c, 1,70, 0
3, 16800, Note_on_c, 1,60, 95
3, 17016, Note_off_c, 1,60, 0
3, 17040, Note_on_c, 1,60, 95
3, 17256, Note_off_c, 1,60, 0
3, 17280, Note_on_c, 1,70, 95
3, 17712, Note_off_c, 1,70, 0
3, 19200, Note_on_c, 1,65, 95
3, 19632, Note_off_c, 1,65, 0
3, 21120, Note_on_c, 1,70, 95
3, 21984, Note_off_c, 1,70, 0
3, 22080, Note_on_c, 1,67, 95
3, 22512, Note_off_c, 1,67, 0
3, 22560, Note_on_c, 1,65, 95
3, 22992, Note_off_c, 1,65, 0
3, 23040, Note_on_c, 1,67, 95
3, 23472, Note_off_c, 1,67, 0
3, 24960, Note_on_c, 1,58, 95
3, 25392, Note_off_c, 1,58, 0
3, 28800, Note_on_c, 1,58, 95
3, 29232, Note_off_c, 1,58, 0
3, 30720, Note_on_c, 1,55, 95
3, 31152, Note_off_c, 1,55, 0
3, 31920, Note_on_c, 1,48, 95
3, 32352, Note_off_c, 1,48, 0
3, 32400, Note_on_c, 1,48, 95
3, 32616, Note_off_c, 1,48, 0
3, 32640, Note_on_c, 1,58, 95
3, 33072, Note_off_c, 1,58, 0
3, 33120, Note_on_c, 1,58, 95
3, 33336, Note_off_c, 1,58, 0
3, 33360, Note_on_c, 1,58, 95
3, 33792, Note_off_c, 1,58, 0
3, 33840, Note_on_c, 1,58, 95
3, 34056, Note_off_c, 1,58, 0
3, 34080, Note_on_c, 1,58, 95
3, 34296, Note_off_c, 1,58, 0
3, 34320, Note_on_c, 1,58, 95
3, 34536, Note_off_c, 1,58, 0
3, 34560, Note_on_c, 1,55, 95
3, 35208, Note_off_c, 1,55, 0
3, 51840, Note_on_c, 1,48, 95
3, 52056, Note_off_c, 1,48, 0
3, 52080, Note_on_c, 1,53, 95
3, 52296, Note_off_c, 1,53, 0
3, 52320, Note_on_c, 1,48, 95
3, 52752, Note_off_c, 1,48, 0
3, 52800, Note_on_c, 1,53, 95
3, 53448, Note_off_c, 1,53, 0
3, 53520, Note_on_c, 1,48, 95
3, 53736, Note_off_c, 1,48, 0
3, 53760, Note_on_c, 1,53, 95
3, 53976, Note_off_c, 1,53, 0
3, 54000, Note_on_c, 1,53, 95
3, 54216, Note_off_c, 1,53, 0
3, 54240, Note_on_c, 1,53, 95
3, 54672, Note_off_c, 1,53, 0
3, 54720, Note_on_c, 1,53, 95
3, 55440, Note_off_c, 1,53, 0
3, 55440, Note_on_c, 1,48, 95
3, 55656, Note_off_c, 1,48, 0
3, 55680, Note_on_c, 1,53, 95
3, 55896, Note_off_c, 1,53, 0
3, 59040, Note_on_c, 1,53, 95
3, 59256, Note_off_c, 1,53, 0
3, 59280, Note_on_c, 1,53, 95
3, 59496, Note_off_c, 1,53, 0
3, 59520, Note_on_c, 1,53, 95
3, 59736, Note_off_c, 1,53, 0
3, 59760, Note_on_c, 1,53, 95
3, 60408, Note_off_c, 1,53, 0
3, 60480, Note_on_c, 1,53, 95
3, 60912, Note_off_c, 1,53, 0
3, 62400, Note_on_c, 1,55, 95
3, 62832, Note_off_c, 1,55, 0
3, 67560, Note_on_c, 1,48, 95
3, 67668, Note_off_c, 1,48, 0
3, 67680, Note_on_c, 1,48, 95
3, 67896, Note_off_c, 1,48, 0
3, 67920, Note_on_c, 1,60, 95
3, 68136, Note_off_c, 1,60, 0
3, 68160, Note_on_c, 1,58, 95
3, 68592, Note_off_c, 1,58, 0
3, 68640, Note_on_c, 1,55, 95
3, 68964, Note_off_c, 1,55, 0
3, 69000, Note_on_c, 1,53, 95
3, 69324, Note_off_c, 1,53, 0
3, 70080, Note_on_c, 1,55, 95
3, 70512, Note_off_c, 1,55, 0
3, 72000, Note_on_c, 1,58, 95
3, 72432, Note_off_c, 1,58, 0
3, 73920, Note_on_c, 1,55, 95
3, 74784, Note_off_c, 1,55, 0
3, 75240, Note_on_c, 1,48, 95
3, 75348, Note_off_c, 1,48, 0
3, 75360, Note_on_c, 1,48, 95
3, 75576, Note_off_c, 1,48, 0
3, 75600, Note_on_c, 1,60, 95
3, 75816, Note_off_c, 1,60, 0
3, 75840, Note_on_c, 1,58, 95
3, 76272, Note_off_c, 1,58, 0
3, 77760, Note_on_c, 1,55, 95
3, 78192, Note_off_c, 1,55, 0
3, 79680, Note_on_c, 1,58, 95
3, 79788, Note_off_c, 1,58, 0
3, 79800, Note_on_c, 1,58, 95
3, 79908, Note_off_c, 1,58, 0
3, 79920, Note_on_c, 1,58, 95
3, 80028, Note_off_c, 1,58, 0
3, 80040, Note_on_c, 1,58, 95
3, 80148, Note_off_c, 1,58, 0
3, 80160, Note_on_c, 1,58, 95
3, 80376, Note_off_c, 1,58, 0
3, 80400, Note_on_c, 1,58, 95
3, 80616, Note_off_c, 1,58, 0
3, 80640, Note_on_c, 1,55, 95
3, 81072, Note_off_c, 1,55, 0
3, 81552, End_track
4, 0, Start_track
4, 0, Program_c, 2, 0
4, 0, Instrument_name_t, "Tenor 1"
4, 5760, Note_on_c, 2,55, 95
4, 7572, Note_off_c, 2,55, 0
4, 7680, Note_on_c, 2,53, 95
4, 9492, Note_off_c, 2,53, 0
4, 9600, Note_on_c, 2,62, 95
4, 11412, Note_off_c, 2,62, 0
4, 11520, Note_on_c, 2,60, 95
4, 13332, Note_off_c, 2,60, 0
4, 13440, Note_on_c, 2,60, 95
4, 15252, Note_off_c, 2,60, 0
4, 15360, Note_on_c, 2,58, 95
4, 17172, Note_off_c, 2,58, 0
4, 17280, Note_on_c, 2,62, 95
4, 19092, Note_off_c, 2,62, 0
4, 19200, Note_on_c, 2,65, 95
4, 21012, Note_off_c, 2,65, 0
4, 21120, Note_on_c, 2,58, 95
4, 22932, Note_off_c, 2,58, 0
4, 23040, Note_on_c, 2,55, 95
4, 24852, Note_off_c, 2,55, 0
4, 24960, Note_on_c, 2,58, 95
4, 26772, Note_off_c, 2,58, 0
4, 26880, Note_on_c, 2,55, 95
4, 28692, Note_off_c, 2,55, 0
4, 28800, Note_on_c, 2,58, 95
4, 30612, Note_off_c, 2,58, 0
4, 30720, Note_on_c, 2,60, 95
4, 32532, Note_off_c, 2,60, 0
4, 32640, Note_on_c, 2,62, 95
4, 33972, Note_off_c, 2,62, 0
4, 34080, Note_on_c, 2,65, 95
4, 35412, Note_off_c, 2,65, 0
4, 36480, Note_on_c, 2,58, 95
4, 36804, Note_off_c, 2,58, 0
4, 36840, Note_on_c, 2,60, 95
4, 36948, Note_off_c, 2,60, 0
4, 36960, Note_on_c, 2,58, 95
4, 37284, Note_off_c, 2,58, 0
4, 37320, Note_on_c, 2,65, 95
4, 37920, Note_off_c, 2,65, 0
4, 37920, Note_on_c, 2,62, 95
4, 38136, Note_off_c, 2,62, 0
4, 38160, Note_on_c, 2,60, 95
4, 38808, Note_off_c, 2,60, 0
4, 38880, Note_on_c, 2,55, 95
4, 39096, Note_off_c, 2,55, 0
4, 39120, Note_on_c, 2,65, 95
4, 39552, Note_off_c, 2,65, 0
4, 39600, Note_on_c, 2,60, 95
4, 40248, Note_off_c, 2,60, 0
4, 40560, Note_on_c, 2,55, 95
4, 40776, Note_off_c, 2,55, 0
4, 40800, Note_on_c, 2,58, 95
4, 41016, Note_off_c, 2,58, 0
4, 41040, Note_on_c, 2,60, 95
4, 41688, Note_off_c, 2,60, 0
4, 41760, Note_on_c, 2,60, 95
4, 41976, Note_off_c, 2,60, 0
4, 42000, Note_on_c, 2,60, 95
4, 42648, Note_off_c, 2,60, 0
4, 42720, Note_on_c, 2,60, 95
4, 42936, Note_off_c, 2,60, 0
4, 42960, Note_on_c, 2,58, 95
4, 43608, Note_off_c, 2,58, 0
4, 44160, Note_on_c, 2,58, 95
4, 44484, Note_off_c, 2,58, 0
4, 44520, Note_on_c, 2,60, 95
4, 44628, Note_off_c, 2,60, 0
4, 44640, Note_on_c, 2,58, 95
4, 44964, Note_off_c, 2,58, 0
4, 45000, Note_on_c, 2,65, 95
4, 45432, Note_off_c, 2,65, 0
4, 45480, Note_on_c, 2,62, 95
4, 45588, Note_off_c, 2,62, 0
4, 45600, Note_on_c, 2,62, 95
4, 45816, Note_off_c, 2,62, 0
4, 45840, Note_on_c, 2,60, 95
4, 46488, Note_off_c, 2,60, 0
4, 46560, Note_on_c, 2,55, 95
4, 46776, Note_off_c, 2,55, 0
4, 46800, Note_on_c, 2,65, 95
4, 47232, Note_off_c, 2,65, 0
4, 47280, Note_on_c, 2,60, 95
4, 47928, Note_off_c, 2,60, 0
4, 48840, Note_on_c, 2,60, 95
4, 48948, Note_off_c, 2,60, 0
4, 48960, Note_on_c, 2,60, 95
4, 49284, Note_off_c, 2,60, 0
4, 49320, Note_on_c, 2,60, 95
4, 49428, Note_off_c, 2,60, 0
4, 49440, Note_on_c, 2,60, 95
4, 49764, Note_off_c, 2,60, 0
4, 49800, Note_on_c, 2,60, 95
4, 49908, Note_off_c, 2,60, 0
4, 49920, Note_on_c, 2,60, 95
4, 50244, Note_off_c, 2,60, 0
4, 50280, Note_on_c, 2,60, 95
4, 50388, Note_off_c, 2,60, 0
4, 50400, Note_on_c, 2,60, 95
4, 50562, Note_off_c, 2,60, 0
4, 50580, Note_on_c, 2,62, 95
4, 50742, Note_off_c, 2,62, 0
4, 50760, Note_on_c, 2,65, 95
4, 51300, Note_off_c, 2,65, 0
4, 82560, Note_on_c, 2,58, 95
4, 82884, Note_off_c, 2,58, 0
4, 82920, Note_on_c, 2,60, 95
4, 83028, Note_off_c, 2,60, 0
4, 83040, Note_on_c, 2,58, 95
4, 83364, Note_off_c, 2,58, 0
4, 83400, Note_on_c, 2,65, 95
4, 84000, Note_off_c, 2,65, 0
4, 84000, Note_on_c, 2,62, 95
4, 84216, Note_off_c, 2,62, 0
4, 84240, Note_on_c, 2,60, 95
4, 84888, Note_off_c, 2,60, 0
4, 84960, Note_on_c, 2,55, 95
4, 85176, Note_off_c, 2,55, 0
4, 85200, Note_on_c, 2,65, 95
4, 85632, Note_off_c, 2,65, 0
4, 85680, Note_on_c, 2,60, 95
4, 86328, Note_off_c, 2,60, 0
4, 86640, Note_on_c, 2,55, 95
4, 86856, Note_off_c, 2,55, 0
4, 86880, Note_on_c, 2,58, 95
4, 87096, Note_off_c, 2,58, 0
4, 87120, Note_on_c, 2,60, 95
4, 87768, Note_off_c, 2,60, 0
4, 87840, Note_on_c, 2,60, 95
4, 88056, Note_off_c, 2,60, 0
4, 88080, Note_on_c, 2,60, 95
4, 88512, Note_off_c, 2,60, 0
4, 88560, Note_on_c, 2,60, 95
4, 88776, Note_off_c, 2,60, 0
4, 88800, Note_on_c, 2,60, 95
4, 89016, Note_off_c, 2,60, 0
4, 89040, Note_on_c, 2,58, 95
4, 89688, Note_off_c, 2,58, 0
4, 90240, Note_on_c, 2,58, 95
4, 90564, Note_off_c, 2,58, 0
4, 90600, Note_on_c, 2,60, 95
4, 90708, Note_off_c, 2,60, 0
4, 90720, Note_on_c, 2,58, 95
4, 91044, Note_off_c, 2,58, 0
4, 91080, Note_on_c, 2,65, 95
4, 91512, Note_off_c, 2,65, 0
4, 91560, Note_on_c, 2,62, 95
4, 91668, Note_off_c, 2,62, 0
4, 91680, Note_on_c, 2,62, 95
4, 91896, Note_off_c, 2,62, 0
4, 91920, Note_on_c, 2,60, 95
4, 92568, Note_off_c, 2,60, 0
4, 92640, Note_on_c, 2,55, 95
4, 92856, Note_off_c, 2,55, 0
4, 92880, Note_on_c, 2,65, 95
4, 93312, Note_off_c, 2,65, 0
4, 93360, Note_on_c, 2,60, 95
4, 94008, Note_off_c, 2,60, 0
4, 94920, Note_on_c, 2,60, 95
4, 95028, Note_off_c, 2,60, 0
4, 95040, Note_on_c, 2,60, 95
4, 95364, Note_off_c, 2,60, 0
4, 95400, Note_on_c, 2,60, 95
4, 95508, Note_off_c, 2,60, 0
4, 95520, Note_on_c, 2,60, 95
4, 95844, Note_off_c, 2,60, 0
4, 95880, Note_on_c, 2,60, 95
4, 95988, Note_off_c, 2,60, 0
4, 96000, Note_on_c, 2,60, 95
4, 96324, Note_off_c, 2,60, 0
4, 96360, Note_on_c, 2,60, 95
4, 96468, Note_off_c, 2,60, 0
4, 96480, Note_on_c, 2,60, 95
4, 96642, Note_off_c, 2,60, 0
4, 96660, Note_on_c, 2,62, 95
4, 96822, Note_off_c, 2,62, 0
4, 96840, Note_on_c, 2,65, 95
4, 97380, Note_off_c, 2,65, 0
4, 98400, Note_on_c, 2,70, 95
4, 98616, Note_off_c, 2,70, 0
4, 98640, Note_on_c, 2,67, 95
4, 99288, Note_off_c, 2,67, 0
4, 99360, Note_on_c, 2,62, 95
4, 99600, Note_off_c, 2,62, 0
4, 99600, Note_on_c, 2,65, 95
4, 100032, Note_off_c, 2,65, 0
4, 100560, Note_on_c, 2,55, 95
4, 100776, Note_off_c, 2,55, 0
4, 100800, Note_on_c, 2,65, 95
4, 101448, Note_off_c, 2,65, 0
4, 101520, Note_on_c, 2,60, 95
4, 101952, Note_off_c, 2,60, 0
4, 103800, Note_on_c, 2,62, 95
4, 103908, Note_off_c, 2,62, 0
4, 103920, Note_on_c, 2,65, 95
4, 104028, Note_off_c, 2,65, 0
4, 104040, Note_on_c, 2,65, 95
4, 104148, Note_off_c, 2,65, 0
4, 104160, Note_on_c, 2,65, 95
4, 104268, Note_off_c, 2,65, 0
4, 104280, Note_on_c, 2,62, 95
4, 104388, Note_off_c, 2,62, 0
4, 104400, Note_on_c, 2,60, 95
4, 104508, Note_off_c, 2,60, 0
4, 104520, Note_on_c, 2,58, 95
4, 104628, Note_off_c, 2,58, 0
4, 104640, Note_on_c, 2,55, 95
4, 105072, Note_off_c, 2,55, 0
4, 112320, Note_on_c, 2,65, 95
4, 114132, Note_off_c, 2,65, 0
4, 114240, Note_on_c, 2,65, 95
4, 114672, Note_off_c, 2,65, 0
4, 114720, Note_on_c, 2,65, 95
4, 115152, Note_off_c, 2,65, 0
4, 115200, Note_on_c, 2,65, 95
4, 115632, Note_off_c, 2,65, 0
4, 115680, Note_on_c, 2,65, 95
4, 116112, Note_off_c, 2,65, 0
4, 120720, Note_on_c, 2,70, 95
4, 120936, Note_off_c, 2,70, 0
4, 120960, Note_on_c, 2,67, 95
4, 121392, Note_off_c, 2,67, 0
4, 121440, Note_on_c, 2,65, 95
4, 121872, Note_off_c, 2,65, 0
4, 128400, Note_on_c, 2,70, 95
4, 128616, Note_off_c, 2,70, 0
4, 128640, Note_on_c, 2,67, 95
4, 129072, Note_off_c, 2,67, 0
4, 129120, Note_on_c, 2,65, 95
4, 129552, Note_off_c, 2,65, 0
4, 136080, Note_on_c, 2,70, 95
4, 136296, Note_off_c, 2,70, 0
4, 136320, Note_on_c, 2,67, 95
4, 136752, Note_off_c, 2,67, 0
4, 136800, Note_on_c, 2,65, 95
4, 137232, Note_off_c, 2,65, 0
4, 147600, Note_on_c, 2,70, 95
4, 147816, Note_off_c, 2,70, 0
4, 147840, Note_on_c, 2,67, 95
4, 148272, Note_off_c, 2,67, 0
4, 148320, Note_on_c, 2,65, 95
4, 148752, Note_off_c, 2,65, 0
4, 149520, Note_on_c, 2,70, 95
4, 149736, Note_off_c, 2,70, 0
4, 149760, Note_on_c, 2,67, 95
4, 150192, Note_off_c, 2,67, 0
4, 150240, Note_on_c, 2,65, 95
4, 150672, Note_off_c, 2,65, 0
4, 153360, Note_on_c, 2,65, 95
4, 153576, Note_off_c, 2,65, 0
4, 153600, Note_on_c, 2,65, 95
4, 153816, Note_off_c, 2,65, 0
4, 153840, Note_on_c, 2,65, 95
4, 154488, Note_off_c, 2,65, 0
4, 154968, End_track
5, 0, Start_track
5, 0, Program_c, 3, 0
5, 0, Instrument_name_t, "Tenor 2"
5, 5760, Note_on_c, 3,55, 95
5, 7572, Note_off_c, 3,55, 0
5, 7680, Note_on_c, 3,53, 95
5, 9492, Note_off_c, 3,53, 0
5, 9600, Note_on_c, 3,62, 95
5, 11412, Note_off_c, 3,62, 0
5, 11520, Note_on_c, 3,60, 95
5, 13332, Note_off_c, 3,60, 0
5, 13440, Note_on_c, 3,60, 95
5, 15252, Note_off_c, 3,60, 0
5, 15360, Note_on_c, 3,58, 95
5, 17172, Note_off_c, 3,58, 0
5, 17280, Note_on_c, 3,62, 95
5, 19092, Note_off_c, 3,62, 0
5, 19200, Note_on_c, 3,65, 95
5, 21012, Note_off_c, 3,65, 0
5, 21120, Note_on_c, 3,58, 95
5, 22932, Note_off_c, 3,58, 0
5, 23040, Note_on_c, 3,55, 95
5, 24852, Note_off_c, 3,55, 0
5, 24960, Note_on_c, 3,58, 95
5, 26772, Note_off_c, 3,58, 0
5, 26880, Note_on_c, 3,55, 95
5, 28692, Note_off_c, 3,55, 0
5, 28800, Note_on_c, 3,58, 95
5, 30612, Note_off_c, 3,58, 0
5, 30720, Note_on_c, 3,55, 95
5, 32532, Note_off_c, 3,55, 0
5, 32640, Note_on_c, 3,58, 95
5, 33972, Note_off_c, 3,58, 0
5, 34080, Note_on_c, 3,58, 95
5, 35412, Note_off_c, 3,58, 0
5, 36480, Note_on_c, 3,53, 95
5, 36804, Note_off_c, 3,53, 0
5, 36840, Note_on_c, 3,58, 95
5, 36948, Note_off_c, 3,58, 0
5, 36960, Note_on_c, 3,53, 95
5, 37284, Note_off_c, 3,53, 0
5, 37320, Note_on_c, 3,55, 95
5, 37920, Note_off_c, 3,55, 0
5, 37920, Note_on_c, 3,53, 95
5, 38136, Note_off_c, 3,53, 0
5, 38160, Note_on_c, 3,53, 95
5, 38808, Note_off_c, 3,53, 0
5, 38880, Note_on_c, 3,53, 95
5, 39096, Note_off_c, 3,53, 0
5, 39120, Note_on_c, 3,50, 95
5, 39552, Note_off_c, 3,50, 0
5, 39600, Note_on_c, 3,53, 95
5, 40248, Note_off_c, 3,53, 0
5, 40560, Note_on_c, 3,50, 95
5, 40776, Note_off_c, 3,50, 0
5, 40800, Note_on_c, 3,53, 95
5, 41016, Note_off_c, 3,53, 0
5, 41040, Note_on_c, 3,53, 95
5, 41688, Note_off_c, 3,53, 0
5, 41760, Note_on_c, 3,53, 95
5, 41976, Note_off_c, 3,53, 0
5, 42000, Note_on_c, 3,53, 95
5, 42648, Note_off_c, 3,53, 0
5, 42720, Note_on_c, 3,48, 95
5, 42936, Note_off_c, 3,48, 0
5, 42960, Note_on_c, 3,48, 95
5, 43608, Note_off_c, 3,48, 0
5, 44160, Note_on_c, 3,53, 95
5, 44484, Note_off_c, 3,53, 0
5, 44520, Note_on_c, 3,58, 95
5, 44628, Note_off_c, 3,58, 0
5, 44640, Note_on_c, 3,53, 95
5, 44964, Note_off_c, 3,53, 0
5, 45000, Note_on_c, 3,55, 95
5, 45432, Note_off_c, 3,55, 0
5, 45480, Note_on_c, 3,53, 95
5, 45588, Note_off_c, 3,53, 0
5, 45600, Note_on_c, 3,53, 95
5, 45816, Note_off_c, 3,53, 0
5, 45840, Note_on_c, 3,53, 95
5, 46488, Note_off_c, 3,53, 0
5, 46560, Note_on_c, 3,53, 95
5, 46776, Note_off_c, 3,53, 0
5, 46800, Note_on_c, 3,50, 95
5, 47232, Note_off_c, 3,50, 0
5, 47280, Note_on_c, 3,53, 95
5, 47928, Note_off_c, 3,53, 0
5, 48840, Note_on_c, 3,53, 95
5, 48948, Note_off_c, 3,53, 0
5, 48960, Note_on_c, 3,53, 95
5, 49284, Note_off_c, 3,53, 0
5, 49320, Note_on_c, 3,53, 95
5, 49428, Note_off_c, 3,53, 0
5, 49440, Note_on_c, 3,53, 95
5, 49764, Note_off_c, 3,53, 0
5, 49800, Note_on_c, 3,53, 95
5, 49908, Note_off_c, 3,53, 0
5, 49920, Note_on_c, 3,53, 95
5, 50244, Note_off_c, 3,53, 0
5, 50280, Note_on_c, 3,53, 95
5, 50388, Note_off_c, 3,53, 0
5, 50400, Note_on_c, 3,53, 95
5, 50562, Note_off_c, 3,53, 0
5, 50580, Note_on_c, 3,55, 95
5, 50742, Note_off_c, 3,55, 0
5, 50760, Note_on_c, 3,58, 95
5, 51300, Note_off_c, 3,58, 0
5, 52800, Note_on_c, 3,55, 95
5, 54612, Note_off_c, 3,55, 0
5, 54720, Note_on_c, 3,55, 95
5, 56532, Note_off_c, 3,55, 0
5, 56640, Note_on_c, 3,62, 95
5, 58452, Note_off_c, 3,62, 0
5, 58560, Note_on_c, 3,60, 95
5, 60372, Note_off_c, 3,60, 0
5, 60480, Note_on_c, 3,60, 95
5, 62292, Note_off_c, 3,60, 0
5, 62400, Note_on_c, 3,62, 95
5, 64212, Note_off_c, 3,62, 0
5, 64320, Note_on_c, 3,62, 95
5, 66132, Note_off_c, 3,62, 0
5, 68160, Note_on_c, 3,58, 95
5, 69972, Note_off_c, 3,58, 0
5, 70080, Note_on_c, 3,55, 95
5, 71892, Note_off_c, 3,55, 0
5, 72000, Note_on_c, 3,62, 95
5, 73812, Note_off_c, 3,62, 0
5, 73920, Note_on_c, 3,53, 95
5, 75732, Note_off_c, 3,53, 0
5, 75840, Note_on_c, 3,60, 95
5, 77652, Note_off_c, 3,60, 0
5, 77760, Note_on_c, 3,55, 95
5, 79572, Note_off_c, 3,55, 0
5, 79680, Note_on_c, 3,62, 95
5, 81492, Note_off_c, 3,62, 0
5, 82560, Note_on_c, 3,53, 95
5, 82884, Note_off_c, 3,53, 0
5, 82920, Note_on_c, 3,58, 95
5, 83028, Note_off_c, 3,58, 0
5, 83040, Note_on_c, 3,53, 95
5, 83364, Note_off_c, 3,53, 0
5, 83400, Note_on_c, 3,55, 95
5, 84000, Note_off_c, 3,55, 0
5, 84000, Note_on_c, 3,53, 95
5, 84216, Note_off_c, 3,53, 0
5, 84240, Note_on_c, 3,53, 95
5, 84888, Note_off_c, 3,53, 0
5, 84960, Note_on_c, 3,53, 95
5, 85176, Note_off_c, 3,53, 0
5, 85200, Note_on_c, 3,50, 95
5, 85632, Note_off_c, 3,50, 0
5, 85680, Note_on_c, 3,53, 95
5, 86328, Note_off_c, 3,53, 0
5, 86640, Note_on_c, 3,50, 95
5, 86856, Note_off_c, 3,50, 0
5, 86880, Note_on_c, 3,53, 95
5, 87096, Note_off_c, 3,53, 0
5, 87120, Note_on_c, 3,53, 95
5, 87768, Note_off_c, 3,53, 0
5, 87840, Note_on_c, 3,53, 95
5, 88056, Note_off_c, 3,53, 0
5, 88080, Note_on_c, 3,53, 95
5, 88728, Note_off_c, 3,53, 0
5, 88800, Note_on_c, 3,48, 95
5, 89016, Note_off_c, 3,48, 0
5, 89040, Note_on_c, 3,48, 95
5, 89688, Note_off_c, 3,48, 0
5, 90240, Note_on_c, 3,53, 95
5, 90564, Note_off_c, 3,53, 0
5, 90600, Note_on_c, 3,58, 95
5, 90708, Note_off_c, 3,58, 0
5, 90720, Note_on_c, 3,53, 95
5, 91044, Note_off_c, 3,53, 0
5, 91080, Note_on_c, 3,55, 95
5, 91512, Note_off_c, 3,55, 0
5, 91560, Note_on_c, 3,53, 95
5, 91668, Note_off_c, 3,53, 0
5, 91680, Note_on_c, 3,53, 95
5, 91896, Note_off_c, 3,53, 0
5, 91920, Note_on_c, 3,53, 95
5, 92568, Note_off_c, 3,53, 0
5, 92640, Note_on_c, 3,53, 95
5, 92856, Note_off_c, 3,53, 0
5, 92880, Note_on_c, 3,50, 95
5, 93312, Note_off_c, 3,50, 0
5, 93360, Note_on_c, 3,53, 95
5, 94008, Note_off_c, 3,53, 0
5, 94920, Note_on_c, 3,53, 95
5, 95028, Note_off_c, 3,53, 0
5, 95040, Note_on_c, 3,53, 95
5, 95364, Note_off_c, 3,53, 0
5, 95400, Note_on_c, 3,53, 95
5, 95508, Note_off_c, 3,53, 0
5, 95520, Note_on_c, 3,53, 95
5, 95844, Note_off_c, 3,53, 0
5, 95880, Note_on_c, 3,53, 95
5, 95988, Note_off_c, 3,53, 0
5, 96000, Note_on_c, 3,53, 95
5, 96324, Note_off_c, 3,53, 0
5, 96360, Note_on_c, 3,53, 95
5, 96468, Note_off_c, 3,53, 0
5, 96480, Note_on_c, 3,53, 95
5, 96642, Note_off_c, 3,53, 0
5, 96660, Note_on_c, 3,55, 95
5, 96822, Note_off_c, 3,55, 0
5, 96840, Note_on_c, 3,58, 95
5, 97380, Note_off_c, 3,58, 0
5, 110400, Note_on_c, 3,60, 95
5, 111360, Note_on_c, 3,62, 95
5, 114132, Note_off_c, 3,60, 0
5, 114132, Note_off_c, 3,62, 0
5, 114240, Note_on_c, 3,62, 95
5, 114672, Note_off_c, 3,62, 0
5, 114720, Note_on_c, 3,62, 95
5, 115152, Note_off_c, 3,62, 0
5, 115200, Note_on_c, 3,62, 95
5, 115632, Note_off_c, 3,62, 0
5, 115680, Note_on_c, 3,62, 95
5, 116112, Note_off_c, 3,62, 0
5, 117120, Note_on_c, 3,53, 95
5, 117444, Note_off_c, 3,53, 0
5, 117480, Note_on_c, 3,58, 95
5, 117588, Note_off_c, 3,58, 0
5, 117600, Note_on_c, 3,53, 95
5, 117924, Note_off_c, 3,53, 0
5, 117960, Note_on_c, 3,55, 95
5, 118560, Note_off_c, 3,55, 0
5, 118560, Note_on_c, 3,53, 95
5, 118776, Note_off_c, 3,53, 0
5, 118800, Note_on_c, 3,53, 95
5, 119448, Note_off_c, 3,53, 0
5, 119520, Note_on_c, 3,53, 95
5, 119736, Note_off_c, 3,53, 0
5, 119760, Note_on_c, 3,50, 95
5, 120192, Note_off_c, 3,50, 0
5, 120240, Note_on_c, 3,53, 95
5, 120888, Note_off_c, 3,53, 0
5, 121200, Note_on_c, 3,50, 95
5, 121416, Note_off_c, 3,50, 0
5, 121440, Note_on_c, 3,53, 95
5, 121656, Note_off_c, 3,53, 0
5, 121680, Note_on_c, 3,53, 95
5, 122328, Note_off_c, 3,53, 0
5, 122400, Note_on_c, 3,53, 95
5, 122616, Note_off_c, 3,53, 0
5, 122640, Note_on_c, 3,53, 95
5, 123288, Note_off_c, 3,53, 0
5, 123360, Note_on_c, 3,48, 95
5, 123576, Note_off_c, 3,48, 0
5, 123600, Note_on_c, 3,48, 95
5, 124248, Note_off_c, 3,48, 0
5, 124800, Note_on_c, 3,53, 95
5, 125124, Note_off_c, 3,53, 0
5, 125160, Note_on_c, 3,58, 95
5, 125268, Note_off_c, 3,58, 0
5, 125280, Note_on_c, 3,53, 95
5, 125604, Note_off_c, 3,53, 0
5, 125640, Note_on_c, 3,55, 95
5, 126072, Note_off_c, 3,55, 0
5, 126120, Note_on_c, 3,53, 95
5, 126228, Note_off_c, 3,53, 0
5, 126240, Note_on_c, 3,53, 95
5, 126456, Note_off_c, 3,53, 0
5, 126480, Note_on_c, 3,53, 95
5, 127128, Note_off_c, 3,53, 0
5, 127200, Note_on_c, 3,53, 95
5, 127416, Note_off_c, 3,53, 0
5, 127440, Note_on_c, 3,50, 95
5, 127872, Note_off_c, 3,50, 0
5, 127920, Note_on_c, 3,53, 95
5, 128568, Note_off_c, 3,53, 0
5, 129120, Note_on_c, 3,53, 95
5, 129336, Note_off_c, 3,53, 0
5, 129360, Note_on_c, 3,53, 95
5, 129576, Note_off_c, 3,53, 0
5, 129600, Note_on_c, 3,53, 95
5, 130032, Note_off_c, 3,53, 0
5, 130080, Note_on_c, 3,53, 95
5, 130296, Note_off_c, 3,53, 0
5, 130320, Note_on_c, 3,53, 95
5, 130644, Note_off_c, 3,53, 0
5, 130680, Note_on_c, 3,53, 95
5, 131112, Note_off_c, 3,53, 0
5, 131160, Note_on_c, 3,53, 95
5, 131214, Note_off_c, 3,53, 0
5, 131220, Note_on_c, 3,55, 95
5, 131382, Note_off_c, 3,55, 0
5, 131400, Note_on_c, 3,58, 95
5, 131940, Note_off_c, 3,58, 0
5, 132480, Note_on_c, 3,53, 95
5, 132804, Note_off_c, 3,53, 0
5, 132840, Note_on_c, 3,58, 95
5, 132948, Note_off_c, 3,58, 0
5, 132960, Note_on_c, 3,53, 95
5, 133284, Note_off_c, 3,53, 0
5, 133320, Note_on_c, 3,55, 95
5, 133752, Note_off_c, 3,55, 0
5, 133800, Note_on_c, 3,53, 95
5, 133908, Note_off_c, 3,53, 0
5, 133920, Note_on_c, 3,53, 95
5, 134136, Note_off_c, 3,53, 0
5, 134160, Note_on_c, 3,53, 95
5, 134808, Note_off_c, 3,53, 0
5, 134880, Note_on_c, 3,53, 95
5, 135096, Note_off_c, 3,53, 0
5, 135120, Note_on_c, 3,50, 95
5, 135552, Note_off_c, 3,50, 0
5, 135600, Note_on_c, 3,53, 95
5, 136248, Note_off_c, 3,53, 0
5, 137160, Note_on_c, 3,50, 95
5, 137268, Note_off_c, 3,50, 0
5, 137280, Note_on_c, 3,53, 95
5, 137604, Note_off_c, 3,53, 0
5, 137640, Note_on_c, 3,53, 95
5, 137748, Note_off_c, 3,53, 0
5, 137760, Note_on_c, 3,53, 95
5, 137976, Note_off_c, 3,53, 0
5, 138000, Note_on_c, 3,53, 95
5, 138648, Note_off_c, 3,53, 0
5, 138720, Note_on_c, 3,48, 95
5, 139152, Note_off_c, 3,48, 0
5, 139200, Note_on_c, 3,48, 95
5, 139416, Note_off_c, 3,48, 0
5, 139920, Note_on_c, 3,53, 95
5, 140136, Note_off_c, 3,53, 0
5, 140160, Note_on_c, 3,53, 95
5, 140376, Note_off_c, 3,53, 0
5, 140400, Note_on_c, 3,58, 95
5, 140724, Note_off_c, 3,58, 0
5, 140760, Note_on_c, 3,53, 95
5, 141084, Note_off_c, 3,53, 0
5, 141120, Note_on_c, 3,55, 95
5, 141552, Note_off_c, 3,55, 0
5, 141600, Note_on_c, 3,55, 95
5, 141816, Note_off_c, 3,55, 0
5, 141840, Note_on_c, 3,53, 95
5, 142488, Note_off_c, 3,53, 0
5, 142560, Note_on_c, 3,53, 95
5, 142776, Note_off_c, 3,53, 0
5, 142800, Note_on_c, 3,50, 95
5, 143448, Note_off_c, 3,50, 0
5, 143520, Note_on_c, 3,53, 95
5, 143952, Note_off_c, 3,53, 0
5, 144840, Note_on_c, 3,48, 95
5, 144948, Note_off_c, 3,48, 0
5, 144960, Note_on_c, 3,55, 95
5, 145284, Note_off_c, 3,55, 0
5, 145320, Note_on_c, 3,55, 95
5, 145428, Note_off_c, 3,55, 0
5, 145440, Note_on_c, 3,55, 95
5, 145764, Note_off_c, 3,55, 0
5, 145800, Note_on_c, 3,55, 95
5, 145908, Note_off_c, 3,55, 0
5, 145920, Note_on_c, 3,55, 95
5, 146244, Note_off_c, 3,55, 0
5, 146280, Note_on_c, 3,55, 95
5, 146388, Note_off_c, 3,55, 0
5, 146400, Note_on_c, 3,58, 95
5, 146508, Note_off_c, 3,58, 0
5, 146520, Note_on_c, 3,60, 95
5, 146736, Note_off_c, 3,60, 0
5, 146760, Note_on_c, 3,60, 95
5, 147300, Note_off_c, 3,60, 0
5, 153360, Note_on_c, 3,65, 95
5, 153576, Note_off_c, 3,65, 0
5, 153600, Note_on_c, 3,65, 95
5, 153816, Note_off_c, 3,65, 0
5, 153840, Note_on_c, 3,65, 95
5, 154488, Note_off_c, 3,65, 0
5, 154968, End_track
6, 0, Start_track
6, 0, Program_c, 4, 0
6, 0, Instrument_name_t, "Bass 1"
6, 5760, Note_on_c, 4,53, 95
6, 7572, Note_off_c, 4,53, 0
6, 7680, Note_on_c, 4,48, 95
6, 9492, Note_off_c, 4,48, 0
6, 9600, Note_on_c, 4,58, 95
6, 11412, Note_off_c, 4,58, 0
6, 11520, Note_on_c, 4,55, 95
6, 13332, Note_off_c, 4,55, 0
6, 13440, Note_on_c, 4,58, 95
6, 15252, Note_off_c, 4,58, 0
6, 15360, Note_on_c, 4,53, 95
6, 17172, Note_off_c, 4,53, 0
6, 17280, Note_on_c, 4,58, 95
6, 19092, Note_off_c, 4,58, 0
6, 19200, Note_on_c, 4,53, 95
6, 21012, Note_off_c, 4,53, 0
6, 21120, Note_on_c, 4,53, 95
6, 22932, Note_off_c, 4,53, 0
6, 23040, Note_on_c, 4,53, 95
6, 24852, Note_off_c, 4,53, 0
6, 24960, Note_on_c, 4,53, 95
6, 26772, Note_off_c, 4,53, 0
6, 26880, Note_on_c, 4,53, 95
6, 28692, Note_off_c, 4,53, 0
6, 28800, Note_on_c, 4,50, 95
6, 30612, Note_off_c, 4,50, 0
6, 30720, Note_on_c, 4,55, 95
6, 32532, Note_off_c, 4,55, 0
6, 32640, Note_on_c, 4,58, 95
6, 33972, Note_off_c, 4,58, 0
6, 34080, Note_on_c, 4,58, 95
6, 34944, Note_off_c, 4,58, 0
6, 52800, Note_on_c, 4,53, 95
6, 54612, Note_off_c, 4,53, 0
6, 54720, Note_on_c, 4,48, 95
6, 56532, Note_off_c, 4,48, 0
6, 56640, Note_on_c, 4,60, 95
6, 58452, Note_off_c, 4,60, 0
6, 58560, Note_on_c, 4,55, 95
6, 60372, Note_off_c, 4,55, 0
6, 60480, Note_on_c, 4,55, 95
6, 62292, Note_off_c, 4,55, 0
6, 62400, Note_on_c, 4,50, 95
6, 64212, Note_off_c, 4,50, 0
6, 64320, Note_on_c, 4,50, 95
6, 66132, Note_off_c, 4,50, 0
6, 68160, Note_on_c, 4,53, 95
6, 69972, Note_off_c, 4,53, 0
6, 70080, Note_on_c, 4,53, 95
6, 71892, Note_off_c, 4,53, 0
6, 72000, Note_on_c, 4,58, 95
6, 73812, Note_off_c, 4,58, 0
6, 73920, Note_on_c, 4,60, 95
6, 75732, Note_off_c, 4,60, 0
6, 75840, Note_on_c, 4,58, 95
6, 77652, Note_off_c, 4,58, 0
6, 77760, Note_on_c, 4,65, 95
6, 79572, Note_off_c, 4,65, 0
6, 79680, Note_on_c, 4,58, 95
6, 81492, Note_off_c, 4,58, 0
6, 81600, Note_on_c, 4,58, 95
6, 81924, Note_off_c, 4,58, 0
6, 81960, Note_on_c, 4,58, 95
6, 82068, Note_off_c, 4,58, 0
6, 82080, Note_on_c, 4,58, 95
6, 82404, Note_off_c, 4,58, 0
6, 82440, Note_on_c, 4,58, 95
6, 82548, Note_off_c, 4,58, 0
6, 82560, Note_on_c, 4,58, 95
6, 82884, Note_off_c, 4,58, 0
6, 82920, Note_on_c, 4,58, 95
6, 83028, Note_off_c, 4,58, 0
6, 83040, Note_on_c, 4,58, 95
6, 83364, Note_off_c, 4,58, 0
6, 83400, Note_on_c, 4,58, 95
6, 83508, Note_off_c, 4,58, 0
6, 83520, Note_on_c, 4,53, 95
6, 83844, Note_off_c, 4,53, 0
6, 83880, Note_on_c, 4,53, 95
6, 83988, Note_off_c, 4,53, 0
6, 84000, Note_on_c, 4,53, 95
6, 84324, Note_off_c, 4,53, 0
6, 84360, Note_on_c, 4,53, 95
6, 84468, Note_off_c, 4,53, 0
6, 84480, Note_on_c, 4,53, 95
6, 84804, Note_off_c, 4,53, 0
6, 84840, Note_on_c, 4,53, 95
6, 84948, Note_off_c, 4,53, 0
6, 84960, Note_on_c, 4,53, 95
6, 85284, Note_off_c, 4,53, 0
6, 85320, Note_on_c, 4,53, 95
6, 85428, Note_off_c, 4,53, 0
6, 85440, Note_on_c, 4,55, 95
6, 85764, Note_off_c, 4,55, 0
6, 85800, Note_on_c, 4,55, 95
6, 85908, Note_off_c, 4,55, 0
6, 85920, Note_on_c, 4,55, 95
6, 86244, Note_off_c, 4,55, 0
6, 86280, Note_on_c, 4,55, 95
6, 86388, Note_off_c, 4,55, 0
6, 86400, Note_on_c, 4,55, 95
6, 86724, Note_off_c, 4,55, 0
6, 86760, Note_on_c, 4,55, 95
6, 86868, Note_off_c, 4,55, 0
6, 86880, Note_on_c, 4,55, 95
6, 87204, Note_off_c, 4,55, 0
6, 87240, Note_on_c, 4,55, 95
6, 87348, Note_off_c, 4,55, 0
6, 87360, Note_on_c, 4,55, 95
6, 87684, Note_off_c, 4,55, 0
6, 87720, Note_on_c, 4,55, 95
6, 87828, Note_off_c, 4,55, 0
6, 87840, Note_on_c, 4,55, 95
6, 88164, Note_off_c, 4,55, 0
6, 88200, Note_on_c, 4,55, 95
6, 88308, Note_off_c, 4,55, 0
6, 88320, Note_on_c, 4,56, 95
6, 88644, Note_off_c, 4,56, 0
6, 88680, Note_on_c, 4,56, 95
6, 88788, Note_off_c, 4,56, 0
6, 88800, Note_on_c, 4,56, 95
6, 89124, Note_off_c, 4,56, 0
6, 89160, Note_on_c, 4,56, 95
6, 89268, Note_off_c, 4,56, 0
6, 89280, Note_on_c, 4,58, 95
6, 89604, Note_off_c, 4,58, 0
6, 89640, Note_on_c, 4,58, 95
6, 89748, Note_off_c, 4,58, 0
6, 89760, Note_on_c, 4,58, 95
6, 90084, Note_off_c, 4,58, 0
6, 90120, Note_on_c, 4,58, 95
6, 90228, Note_off_c, 4,58, 0
6, 90240, Note_on_c, 4,58, 95
6, 90564, Note_off_c, 4,58, 0
6, 90600, Note_on_c, 4,58, 95
6, 90708, Note_off_c, 4,58, 0
6, 90720, Note_on_c, 4,58, 95
6, 91044, Note_off_c, 4,58, 0
6, 91080, Note_on_c, 4,58, 95
6, 91188, Note_off_c, 4,58, 0
6, 91200, Note_on_c, 4,53, 95
6, 91524, Note_off_c, 4,53, 0
6, 91560, Note_on_c, 4,53, 95
6, 91668, Note_off_c, 4,53, 0
6, 91680, Note_on_c, 4,53, 95
6, 92004, Note_off_c, 4,53, 0
6, 92040, Note_on_c, 4,53, 95
6, 92148, Note_off_c, 4,53, 0
6, 92160, Note_on_c, 4,53, 95
6, 92484, Note_off_c, 4,53, 0
6, 92520, Note_on_c, 4,53, 95
6, 92628, Note_off_c, 4,53, 0
6, 92640, Note_on_c, 4,53, 95
6, 92964, Note_off_c, 4,53, 0
6, 93000, Note_on_c, 4,53, 95
6, 93108, Note_off_c, 4,53, 0
6, 93120, Note_on_c, 4,55, 95
6, 93444, Note_off_c, 4,55, 0
6, 93480, Note_on_c, 4,55, 95
6, 93588, Note_off_c, 4,55, 0
6, 93600, Note_on_c, 4,55, 95
6, 93924, Note_off_c, 4,55, 0
6, 93960, Note_on_c, 4,55, 95
6, 94068, Note_off_c, 4,55, 0
6, 94080, Note_on_c, 4,55, 95
6, 94404, Note_off_c, 4,55, 0
6, 94440, Note_on_c, 4,55, 95
6, 94548, Note_off_c, 4,55, 0
6, 94560, Note_on_c, 4,55, 95
6, 94884, Note_off_c, 4,55, 0
6, 94920, Note_on_c, 4,55, 95
6, 95028, Note_off_c, 4,55, 0
6, 95040, Note_on_c, 4,55, 95
6, 95364, Note_off_c, 4,55, 0
6, 95400, Note_on_c, 4,55, 95
6, 95508, Note_off_c, 4,55, 0
6, 95520, Note_on_c, 4,55, 95
6, 95844, Note_off_c, 4,55, 0
6, 95880, Note_on_c, 4,55, 95
6, 95988, Note_off_c, 4,55, 0
6, 96000, Note_on_c, 4,56, 95
6, 96324, Note_off_c, 4,56, 0
6, 96360, Note_on_c, 4,56, 95
6, 96468, Note_off_c, 4,56, 0
6, 96480, Note_on_c, 4,56, 95
6, 96804, Note_off_c, 4,56, 0
6, 96840, Note_on_c, 4,56, 95
6, 96948, Note_off_c, 4,56, 0
6, 109440, Note_on_c, 4,56, 95
6, 114132, Note_off_c, 4,56, 0
6, 114240, Note_on_c, 4,58, 95
6, 114672, Note_off_c, 4,58, 0
6, 114720, Note_on_c, 4,58, 95
6, 115152, Note_off_c, 4,58, 0
6, 115200, Note_on_c, 4,58, 95
6, 115632, Note_off_c, 4,58, 0
6, 115680, Note_on_c, 4,58, 95
6, 116112, Note_off_c, 4,58, 0
6, 117120, Note_on_c, 4,58, 95
6, 117444, Note_off_c, 4,58, 0
6, 117480, Note_on_c, 4,60, 95
6, 117588, Note_off_c, 4,60, 0
6, 117600, Note_on_c, 4,58, 95
6, 117924, Note_off_c, 4,58, 0
6, 117960, Note_on_c, 4,65, 95
6, 118068, Note_off_c, 4,65, 0
6, 118080, Note_on_c, 4,65, 95
6, 118512, Note_off_c, 4,65, 0
6, 118560, Note_on_c, 4,62, 95
6, 118776, Note_off_c, 4,62, 0
6, 118800, Note_on_c, 4,60, 95
6, 119448, Note_off_c, 4,60, 0
6, 119520, Note_on_c, 4,55, 95
6, 119736, Note_off_c, 4,55, 0
6, 119760, Note_on_c, 4,65, 95
6, 120192, Note_off_c, 4,65, 0
6, 120240, Note_on_c, 4,60, 95
6, 120888, Note_off_c, 4,60, 0
6, 121440, Note_on_c, 4,55, 95
6, 121656, Note_off_c, 4,55, 0
6, 121680, Note_on_c, 4,58, 95
6, 121896, Note_off_c, 4,58, 0
6, 121920, Note_on_c, 4,60, 95
6, 122352, Note_off_c, 4,60, 0
6, 122400, Note_on_c, 4,60, 95
6, 122616, Note_off_c, 4,60, 0
6, 122640, Note_on_c, 4,60, 95
6, 122856, Note_off_c, 4,60, 0
6, 122880, Note_on_c, 4,60, 95
6, 123312, Note_off_c, 4,60, 0
6, 123360, Note_on_c, 4,60, 95
6, 123792, Note_off_c, 4,60, 0
6, 123840, Note_on_c, 4,58, 95
6, 124272, Note_off_c, 4,58, 0
6, 124800, Note_on_c, 4,58, 95
6, 125124, Note_off_c, 4,58, 0
6, 125160, Note_on_c, 4,60, 95
6, 125268, Note_off_c, 4,60, 0
6, 125280, Note_on_c, 4,58, 95
6, 125604, Note_off_c, 4,58, 0
6, 125640, Note_on_c, 4,65, 95
6, 126072, Note_off_c, 4,65, 0
6, 126120, Note_on_c, 4,65, 95
6, 126228, Note_off_c, 4,65, 0
6, 126240, Note_on_c, 4,62, 95
6, 126456, Note_off_c, 4,62, 0
6, 126480, Note_on_c, 4,60, 95
6, 127128, Note_off_c, 4,60, 0
6, 127200, Note_on_c, 4,55, 95
6, 127416, Note_off_c, 4,55, 0
6, 127440, Note_on_c, 4,65, 95
6, 127872, Note_off_c, 4,65, 0
6, 127920, Note_on_c, 4,60, 95
6, 128568, Note_off_c, 4,60, 0
6, 129000, Note_on_c, 4,53, 95
6, 129108, Note_off_c, 4,53, 0
6, 129120, Note_on_c, 4,60, 95
6, 129336, Note_off_c, 4,60, 0
6, 129360, Note_on_c, 4,60, 95
6, 129576, Note_off_c, 4,60, 0
6, 129600, Note_on_c, 4,60, 95
6, 130032, Note_off_c, 4,60, 0
6, 130080, Note_on_c, 4,60, 95
6, 130296, Note_off_c, 4,60, 0
6, 130320, Note_on_c, 4,60, 95
6, 130644, Note_off_c, 4,60, 0
6, 130680, Note_on_c, 4,60, 95
6, 131112, Note_off_c, 4,60, 0
6, 131160, Note_on_c, 4,58, 95
6, 131268, Note_off_c, 4,58, 0
6, 131280, Note_on_c, 4,62, 95
6, 131388, Note_off_c, 4,62, 0
6, 131400, Note_on_c, 4,65, 95
6, 131940, Note_off_c, 4,65, 0
6, 132480, Note_on_c, 4,58, 95
6, 132804, Note_off_c, 4,58, 0
6, 132840, Note_on_c, 4,60, 95
6, 132948, Note_off_c, 4,60, 0
6, 132960, Note_on_c, 4,58, 95
6, 133284, Note_off_c, 4,58, 0
6, 133320, Note_on_c, 4,65, 95
6, 133752, Note_off_c, 4,65, 0
6, 133800, Note_on_c, 4,62, 95
6, 133908, Note_off_c, 4,62, 0
6, 133920, Note_on_c, 4,60, 95
6, 134784, Note_off_c, 4,60, 0
6, 134880, Note_on_c, 4,55, 95
6, 135096, Note_off_c, 4,55, 0
6, 135120, Note_on_c, 4,65, 95
6, 135552, Note_off_c, 4,65, 0
6, 135600, Note_on_c, 4,60, 95
6, 136248, Note_off_c, 4,60, 0
6, 137160, Note_on_c, 4,55, 95
6, 137268, Note_off_c, 4,55, 0
6, 137280, Note_on_c, 4,60, 95
6, 137604, Note_off_c, 4,60, 0
6, 137640, Note_on_c, 4,60, 95
6, 137748, Note_off_c, 4,60, 0
6, 137760, Note_on_c, 4,60, 95
6, 137976, Note_off_c, 4,60, 0
6, 138000, Note_on_c, 4,60, 95
6, 138648, Note_off_c, 4,60, 0
6, 138720, Note_on_c, 4,60, 95
6, 139152, Note_off_c, 4,60, 0
6, 139200, Note_on_c, 4,58, 95
6, 139416, Note_off_c, 4,58, 0
6, 139920, Note_on_c, 4,58, 95
6, 140136, Note_off_c, 4,58, 0
6, 140160, Note_on_c, 4,58, 95
6, 140376, Note_off_c, 4,58, 0
6, 140400, Note_on_c, 4,60, 95
6, 140724, Note_off_c, 4,60, 0
6, 140760, Note_on_c, 4,58, 95
6, 141084, Note_off_c, 4,58, 0
6, 141120, Note_on_c, 4,65, 95
6, 141768, Note_off_c, 4,65, 0
6, 141840, Note_on_c, 4,62, 95
6, 142056, Note_off_c, 4,62, 0
6, 142080, Note_on_c, 4,60, 95
6, 142728, Note_off_c, 4,60, 0
6, 142800, Note_on_c, 4,55, 95
6, 143016, Note_off_c, 4,55, 0
6, 143040, Note_on_c, 4,65, 95
6, 143472, Note_off_c, 4,65, 0
6, 143520, Note_on_c, 4,60, 95
6, 143952, Note_off_c, 4,60, 0
6, 144840, Note_on_c, 4,53, 95
6, 144948, Note_off_c, 4,53, 0
6, 144960, Note_on_c, 4,60, 95
6, 145284, Note_off_c, 4,60, 0
6, 145320, Note_on_c, 4,60, 95
6, 145428, Note_off_c, 4,60, 0
6, 145440, Note_on_c, 4,60, 95
6, 145764, Note_off_c, 4,60, 0
6, 145800, Note_on_c, 4,60, 95
6, 145908, Note_off_c, 4,60, 0
6, 145920, Note_on_c, 4,60, 95
6, 146244, Note_off_c, 4,60, 0
6, 146280, Note_on_c, 4,60, 95
6, 146388, Note_off_c, 4,60, 0
6, 146400, Note_on_c, 4,60, 95
6, 146508, Note_off_c, 4,60, 0
6, 146520, Note_on_c, 4,62, 95
6, 146736, Note_off_c, 4,62, 0
6, 146760, Note_on_c, 4,65, 95
6, 147300, Note_off_c, 4,65, 0
6, 148560, Note_on_c, 4,70, 95
6, 148776, Note_off_c, 4,70, 0
6, 148800, Note_on_c, 4,67, 95
6, 149232, Note_off_c, 4,67, 0
6, 149280, Note_on_c, 4,62, 95
6, 149520, Note_off_c, 4,62, 0
6, 149520, Note_on_c, 4,65, 95
6, 149952, Note_off_c, 4,65, 0
6, 150480, Note_on_c, 4,55, 95
6, 150696, Note_off_c, 4,55, 0
6, 150720, Note_on_c, 4,65, 95
6, 151368, Note_off_c, 4,65, 0
6, 151440, Note_on_c, 4,60, 95
6, 151872, Note_off_c, 4,60, 0
6, 153360, Note_on_c, 4,55, 95
6, 153576, Note_off_c, 4,55, 0
6, 153600, Note_on_c, 4,55, 95
6, 153816, Note_off_c, 4,55, 0
6, 153840, Note_on_c, 4,55, 95
6, 154488, Note_off_c, 4,55, 0
6, 154968, End_track
7, 0, Start_track
7, 0, Program_c, 5, 0
7, 0, Instrument_name_t, "Bass 2"
7, 5760, Note_on_c, 5,48, 95
7, 7572, Note_off_c, 5,48, 0
7, 7680, Note_on_c, 5,46, 95
7, 9492, Note_off_c, 5,46, 0
7, 9600, Note_on_c, 5,55, 95
7, 11412, Note_off_c, 5,55, 0
7, 11520, Note_on_c, 5,53, 95
7, 13332, Note_off_c, 5,53, 0
7, 13440, Note_on_c, 5,53, 95
7, 15252, Note_off_c, 5,53, 0
7, 15360, Note_on_c, 5,50, 95
7, 17172, Note_off_c, 5,50, 0
7, 17280, Note_on_c, 5,55, 95
7, 19092, Note_off_c, 5,55, 0
7, 19200, Note_on_c, 5,48, 95
7, 21012, Note_off_c, 5,48, 0
7, 21120, Note_on_c, 5,48, 95
7, 22932, Note_off_c, 5,48, 0
7, 23040, Note_on_c, 5,48, 95
7, 24852, Note_off_c, 5,48, 0
7, 24960, Note_on_c, 5,50, 95
7, 26772, Note_off_c, 5,50, 0
7, 26880, Note_on_c, 5,48, 95
7, 28692, Note_off_c, 5,48, 0
7, 28800, Note_on_c, 5,48, 95
7, 30612, Note_off_c, 5,48, 0
7, 30720, Note_on_c, 5,53, 95
7, 32532, Note_off_c, 5,53, 0
7, 32640, Note_on_c, 5,43, 95
7, 33072, Note_off_c, 5,43, 0
7, 33120, Note_on_c, 5,43, 95
7, 33336, Note_off_c, 5,43, 0
7, 33360, Note_on_c, 5,43, 95
7, 33792, Note_off_c, 5,43, 0
7, 33840, Note_on_c, 5,43, 95
7, 34056, Note_off_c, 5,43, 0
7, 34080, Note_on_c, 5,46, 95
7, 34296, Note_off_c, 5,46, 0
7, 34320, Note_on_c, 5,46, 95
7, 34536, Note_off_c, 5,46, 0
7, 34560, Note_on_c, 5,46, 95
7, 35208, Note_off_c, 5,46, 0
7, 35520, Note_on_c, 5,53, 95
7, 35952, Note_off_c, 5,53, 0
7, 36480, Note_on_c, 5,46, 95
7, 36804, Note_off_c, 5,46, 0
7, 36840, Note_on_c, 5,48, 95
7, 36948, Note_off_c, 5,48, 0
7, 36960, Note_on_c, 5,46, 95
7, 37284, Note_off_c, 5,46, 0
7, 37320, Note_on_c, 5,53, 95
7, 37968, Note_off_c, 5,53, 0
7, 38040, Note_on_c, 5,50, 95
7, 38364, Note_off_c, 5,50, 0
7, 38400, Note_on_c, 5,48, 95
7, 39048, Note_off_c, 5,48, 0
7, 39120, Note_on_c, 5,43, 95
7, 39336, Note_off_c, 5,43, 0
7, 39360, Note_on_c, 5,53, 95
7, 40008, Note_off_c, 5,53, 0
7, 40080, Note_on_c, 5,48, 95
7, 40944, Note_off_c, 5,48, 0
7, 52800, Note_on_c, 5,48, 95
7, 54612, Note_off_c, 5,48, 0
7, 54720, Note_on_c, 5,48, 95
7, 56532, Note_off_c, 5,48, 0
7, 56640, Note_on_c, 5,55, 95
7, 58452, Note_off_c, 5,55, 0
7, 58560, Note_on_c, 5,53, 95
7, 60372, Note_off_c, 5,53, 0
7, 60480, Note_on_c, 5,53, 95
7, 62292, Note_off_c, 5,53, 0
7, 62400, Note_on_c, 5,55, 95
7, 64212, Note_off_c, 5,55, 0
7, 64320, Note_on_c, 5,55, 95
7, 66132, Note_off_c, 5,55, 0
7, 68160, Note_on_c, 5,48, 95
7, 69972, Note_off_c, 5,48, 0
7, 70080, Note_on_c, 5,48, 95
7, 71892, Note_off_c, 5,48, 0
7, 72000, Note_on_c, 5,55, 95
7, 73812, Note_off_c, 5,55, 0
7, 73920, Note_on_c, 5,58, 95
7, 75732, Note_off_c, 5,58, 0
7, 75840, Note_on_c, 5,53, 95
7, 77652, Note_off_c, 5,53, 0
7, 77760, Note_on_c, 5,60, 95
7, 79572, Note_off_c, 5,60, 0
7, 79680, Note_on_c, 5,55, 95
7, 81492, Note_off_c, 5,55, 0
7, 81600, Note_on_c, 5,53, 95
7, 82032, Note_off_c, 5,53, 0
7, 82560, Note_on_c, 5,46, 95
7, 82884, Note_off_c, 5,46, 0
7, 82920, Note_on_c, 5,48, 95
7, 83028, Note_off_c, 5,48, 0
7, 83040, Note_on_c, 5,46, 95
7, 83364, Note_off_c, 5,46, 0
7, 83400, Note_on_c, 5,53, 95
7, 84048, Note_off_c, 5,53, 0
7, 84120, Note_on_c, 5,50, 95
7, 84444, Note_off_c, 5,50, 0
7, 84480, Note_on_c, 5,48, 95
7, 85128, Note_off_c, 5,48, 0
7, 85200, Note_on_c, 5,43, 95
7, 85416, Note_off_c, 5,43, 0
7, 85440, Note_on_c, 5,53, 95
7, 86088, Note_off_c, 5,53, 0
7, 86160, Note_on_c, 5,48, 95
7, 87024, Note_off_c, 5,48, 0
7, 108480, Note_on_c, 5,53, 95
7, 114132, Note_off_c, 5,53, 0
7, 114240, Note_on_c, 5,53, 95
7, 114672, Note_off_c, 5,53, 0
7, 114720, Note_on_c, 5,53, 95
7, 115152, Note_off_c, 5,53, 0
7, 115200, Note_on_c, 5,53, 95
7, 115632, Note_off_c, 5,53, 0
7, 115680, Note_on_c, 5,53, 95
7, 116112, Note_off_c, 5,53, 0
7, 153360, Note_on_c, 5,55, 95
7, 153576, Note_off_c, 5,55, 0
7, 153600, Note_on_c, 5,55, 95
7, 153816, Note_off_c, 5,55, 0
7, 153840, Note_on_c, 5,55, 95
7, 154488, Note_off_c, 5,55, 0
7, 154968, End_track
0, 0, End_of_file
